sku_proveedor,producto,moneda,costo_origen_historico,url_proveedor,fecha_precio,tipo_cambio_ARS,flete_por_unidad_ARS,otros_costos_ARS,precio_ML_comparable,url_ML,precio_objetivo_90_por_ciento,precio_objetivo_95_por_ciento,estado
119325,MEDICUBE RETINOL NMN BOOSTING SERUM 1.9% 30ML (119325),USD,10,https://atacadousa.com.py/cosmeticos/12488-medicube-retinol-nmn-boosting-serum-19-30ml-119325.html,NO_VERIFICADA,,,,,,,,PENDIENTE_COTIZACION_FLETE_Y_COMPARABLE
119141,MEDICUBE HYALURONIC MULTI PEPTIDE SERUM 30ML (119141),USD,13.5,https://atacadousa.com.py/cosmeticos/12366-medicube-hyaluronic-multi-peptide-serum-30ml-119141.html,NO_VERIFICADA,,,,,,,,PENDIENTE_COTIZACION_FLETE_Y_COMPARABLE
470448,MEDICUBE PDRN PINK COLLAGEN TONING GEL TONER PAD 120ML 70PADS (470448),USD,15,https://atacadousa.com.py/cosmeticos/10939-medicube-pdrn-pink-collagen-toning-gel-toner-pad-120ml-70pads-470448.html,NO_VERIFICADA,,,,,,,,PENDIENTE_COTIZACION_FLETE_Y_COMPARABLE
576233,MEDICUBE RED ACNE BODY PEELING SHOT 110G (576233),USD,14,https://atacadousa.com.py/cosmeticos/11489-medicube-red-acne-body-peeling-shot-110g-576233.html,NO_VERIFICADA,,,,,,,,PENDIENTE_COTIZACION_FLETE_Y_COMPARABLE
467448,MEDICUBE ROSEMARY PDRN DAMAGE CARE HAIR MASK 200ML (467448),USD,16,https://atacadousa.com.py/cosmeticos/12471-medicube-rosemary-pdrn-damage-care-hair-mask-200ml-467448.html,NO_VERIFICADA,,,,,,,,PENDIENTE_COTIZACION_FLETE_Y_COMPARABLE
035765,KARSEELL MACA POWER VOLUME SHAMPOO 500ML (035765),USD,8.5,https://atacadousa.com.py/cosmeticos/12564-karseell-maca-power-volume-shampoo-500ml-035765.html,NO_VERIFICADA,,,,,,,,PENDIENTE_COTIZACION_FLETE_Y_COMPARABLE
035741,KARSEELL MACA POWER VOLUME SHAMPOO 200ML (035741),USD,6,https://atacadousa.com.py/cosmeticos/12563-karseell-maca-power-volume-shampoo-200ml-035741.html,NO_VERIFICADA,,,,,,,,PENDIENTE_COTIZACION_FLETE_Y_COMPARABLE
002542,KARSEELL MACA POWER REPAIR CURL DEFINING CREAM 500ML (002542),USD,18,https://atacadousa.com.py/cosmeticos/12555-karseell-maca-power-repair-curl-defining-cream-500ml-002542.html,NO_VERIFICADA,,,,,,,,PENDIENTE_COTIZACION_FLETE_Y_COMPARABLE
035772,KARSEELL MACA POWER REPAIR CONDITIONER DEEP HYDRATION 500ML (035772),USD,9,https://atacadousa.com.py/cosmeticos/12551-karseell-maca-power-repair-conditioner-500ml-035772.html,NO_VERIFICADA,,,,,,,,PENDIENTE_COTIZACION_FLETE_Y_COMPARABLE
035758,KARSEELL MACA POWER REPAIR CONDITIONER DEEP HYDRATION 200ML (035758),USD,6,https://atacadousa.com.py/cosmeticos/12550-karseell-maca-power-repair-conditioner-200ml-035758.html,NO_VERIFICADA,,,,,,,,PENDIENTE_COTIZACION_FLETE_Y_COMPARABLE
033341,KARSEELL BNC ARGAN OIL LEAVE IN CONDITIONER 200ML (033341),USD,10,https://atacadousa.com.py/cosmeticos/12547-karseell-bnc-argan-oil-leave-in-conditioner-200ml-033341.html,NO_VERIFICADA,,,,,,,,PENDIENTE_COTIZACION_FLETE_Y_COMPARABLE
035727,KARSEELL MACA POWER REPAIR CURL DEFINING CREAM 200ML (035727),USD,9,https://atacadousa.com.py/cosmeticos/12554-karseell-maca-power-repair-curl-defining-cream-200ml-035727.html,NO_VERIFICADA,,,,,,,,PENDIENTE_COTIZACION_FLETE_Y_COMPARABLE
9326,ANUA VISIBLY FIRMING COLLAGEN RETINOL REFINING GUA SHA CREAM 80ML 9326,USD,30.5,https://atacadousa.com.py/cosmeticos/12364-creme-facial-hidratante-anua-collagen-retin-refining-gua-sha-80ml-9326.html,NO_VERIFICADA,,,,,,,,PENDIENTE_COTIZACION_FLETE_Y_COMPARABLE
11823,DEAR BODY CREAM 200GR ASAD,USD,7.5,https://atacadousa.com.py/cosmeticos/11823-dear-body-cream-200gr-asad.html,NO_VERIFICADA,,,,,,,,PENDIENTE_COTIZACION_FLETE_Y_COMPARABLE
11825,DEAR BODY CREAM 200GR ASAD BOURBON,USD,7.5,https://atacadousa.com.py/cosmeticos/11825-dear-body-cream-200gr-asad-bourbon.html,NO_VERIFICADA,,,,,,,,PENDIENTE_COTIZACION_FLETE_Y_COMPARABLE
11826,DEAR BODY CREAM 200GR CLUB DE NUIT,USD,7.5,https://atacadousa.com.py/cosmeticos/11826-dear-body-cream-200gr-club-de-nuit.html,NO_VERIFICADA,,,,,,,,PENDIENTE_COTIZACION_FLETE_Y_COMPARABLE
11827,DEAR BODY CREAM 200GR FAKHAR ROSE,USD,7.5,https://atacadousa.com.py/cosmeticos/11827-dear-body-cream-200gr-fakhar-rose.html,NO_VERIFICADA,,,,,,,,PENDIENTE_COTIZACION_FLETE_Y_COMPARABLE
11828,DEAR BODY CREAM 200GR ROYAL AMBER,USD,7,https://atacadousa.com.py/cosmeticos/11828-dear-body-cream-200gr-royal-amber.html,NO_VERIFICADA,,,,,,,,PENDIENTE_COTIZACION_FLETE_Y_COMPARABLE
017491,VT COSMETICS PDRN REEDLE SHOT BRUSH HAIR SERUM 100ML (017491),USD,28,https://atacadousa.com.py/cosmeticos/12351-skin-vt-pdrn-reedle-brush-hair-100ml-7491.html,NO_VERIFICADA,,,,,,,,PENDIENTE_COTIZACION_FLETE_Y_COMPARABLE
678431,VT COSMETICS REEDLE SHOT 300 CICA REEDLE NO.17100 (678431),USD,29.5,https://atacadousa.com.py/cosmeticos/12343-serum-facial-vt-cosmetics-cica-reedle-shot-300-50ml-no-17100-678431.html,NO_VERIFICADA,,,,,,,,PENDIENTE_COTIZACION_FLETE_Y_COMPARABLE
581774,SERUM FACIAL NUMBUZIN 5+ GLUTATHIONE VITAMIN CONCENTRATED 30ML (581774,USD,25.5,https://atacadousa.com.py/cosmeticos/12342-serum-facial-numbuzin-5-glutathione-vitamin-concentrated-30ml-581774.html,NO_VERIFICADA,,,,,,,,PENDIENTE_COTIZACION_FLETE_Y_COMPARABLE
12148,MASCARA CAPILAR KARSEELL MACA POWER COLLAGEN SACHET 10ML 24PCS 035956,USD,10,https://atacadousa.com.py/cosmeticos/12148-mascara-capilar-karseell-maca-power-collagen-sashet-10ml-24pcs.html,NO_VERIFICADA,,,,,,,,PENDIENTE_COTIZACION_FLETE_Y_COMPARABLE
731792,ANUA TONICO FACIAL HEARTLEAF 77% SOOTHING TONER 40ML (731792),USD,7,https://atacadousa.com.py/cosmeticos/12339-tonico-facial-anua-heartleaf-77-soothing-toner-40ml-731792.html,NO_VERIFICADA,,,,,,,,PENDIENTE_COTIZACION_FLETE_Y_COMPARABLE
732829,ANUA OLEO FACIAL HEARTLEAF PORE CONTROL CLEANSING OIL 200ML (7328,USD,17,https://atacadousa.com.py/cosmeticos/12340-oleo-facial-anua-heartleaf-pore-control-cleansing-oil-200ml-732829.html,NO_VERIFICADA,,,,,,,,PENDIENTE_COTIZACION_FLETE_Y_COMPARABLE
9450,LOCAO VICTORIA&#039;S SECRET AMBER ROMANCE,USD,12,https://atacadousa.com.py/cosmeticos/9450-locao-victoria-s-secret-amber-romance.html,NO_VERIFICADA,,,,,,,,PENDIENTE_COTIZACION_FLETE_Y_COMPARABLE
11286,LOCAO VICTORIA&#039;S SECRET MIDNIGHT BLOOM 236ML,USD,12,https://atacadousa.com.py/cosmeticos/11286-locao-victoria-s-secret-midnight-bloom-236ml.html,NO_VERIFICADA,,,,,,,,PENDIENTE_COTIZACION_FLETE_Y_COMPARABLE
589800,NUMBUZIN NO.9 EYE CREAM NAD+RETINOL VOLUMETOX 10ML (589800),USD,14,https://atacadousa.com.py/cosmeticos/11994-creme-para-contorno-de-olhos-numbuzin-no9-nadretinol-volumetox-10ml.html,NO_VERIFICADA,,,,,,,,PENDIENTE_COTIZACION_FLETE_Y_COMPARABLE
256221,CREME FACIAL DR.ALTHEA 345 RELIEF CREAM 50ML(256221),USD,18.5,https://atacadousa.com.py/cosmeticos/12028-creme-facial-dralthea-345-relief-cream-50ml256221.html,NO_VERIFICADA,,,,,,,,PENDIENTE_COTIZACION_FLETE_Y_COMPARABLE
12309,LOCAO VICTORIA&#039;S SECRET BARE VANILLA VACATION 236ML,USD,12,https://atacadousa.com.py/cosmeticos/12309-locao-victoria-s-secret-bare-vanilla-vacation-236ml.html,NO_VERIFICADA,,,,,,,,PENDIENTE_COTIZACION_FLETE_Y_COMPARABLE
12310,LOCAO VICTORIA&#039;S SECRET LOVE SPELL VACATION 236ML,USD,12,https://atacadousa.com.py/cosmeticos/12310-locao-victoria-s-secret-love-spell-vacation236ml.html,NO_VERIFICADA,,,,,,,,PENDIENTE_COTIZACION_FLETE_Y_COMPARABLE
12312,LOCAO VICTORIA&#039;S SECRET VANILLA LACE 236ML,USD,12,https://atacadousa.com.py/cosmeticos/12312-locao-victoria-s-secret-vanilla-lace-236ml.html,NO_VERIFICADA,,,,,,,,PENDIENTE_COTIZACION_FLETE_Y_COMPARABLE
12314,LOCAO VICTORIA&#039;S SECRET VELVET PETALS VACATION 236ML,USD,12,https://atacadousa.com.py/cosmeticos/12314-locao-victoria-s-secret-velvet-petals-vacation-236ml.html,NO_VERIFICADA,,,,,,,,PENDIENTE_COTIZACION_FLETE_Y_COMPARABLE
12330,MASCARA FACIAL SKIN1004 CENTELLA POREMIZING QUICK CLAY STICK 27G 30085,USD,14,https://atacadousa.com.py/cosmeticos/12330-mascara-facial-skin1004-centella-poremizing-quick-clay-stick-27g.html,NO_VERIFICADA,,,,,,,,PENDIENTE_COTIZACION_FLETE_Y_COMPARABLE
108374,MEDICUBE ZERO PORE PAD 155G 70PADS (108374)/ (114665),USD,13.8,https://atacadousa.com.py/cosmeticos/10073-tonico-facial-medicube-lenco-zero-pore-pad-20-70unid-155gx0036owkid.html,NO_VERIFICADA,,,,,,,,PENDIENTE_COTIZACION_FLETE_Y_COMPARABLE
10094,MEDICUBE DEEP VITA C CAPSULE CREAM 55G (X00481MRA9/769866),USD,16,https://atacadousa.com.py/cosmeticos/10094-creme-facial-medicube-deep-vita-c-capsule-cream-55g-x00481mra9.html,NO_VERIFICADA,,,,,,,,PENDIENTE_COTIZACION_FLETE_Y_COMPARABLE
108053,MEDICUBE PDRN PINK PEPTIDE SERUM 30ML (108053),USD,13,https://atacadousa.com.py/cosmeticos/10098-serum-facial-medicube-pdrn-pink-peptide-serum-30ml-x004ezy3b5.html,NO_VERIFICADA,,,,,,,,PENDIENTE_COTIZACION_FLETE_Y_COMPARABLE
468407,MEDICUBE TXA NIACINAMIDE 15 SERUM 15% 30ML (468407),USD,15,https://atacadousa.com.py/cosmeticos/10099-serum-facial-medicube-txa-niacinamide-15-serum-30ml-x004k3t3fh.html,NO_VERIFICADA,,,,,,,,PENDIENTE_COTIZACION_FLETE_Y_COMPARABLE
112234,MEDICUBE TONICO FACIAL PDRN PINK CICA SOOTHING 250ML(112234),USD,15,https://atacadousa.com.py/cosmeticos/10763-tonico-facial-medicube-pdrn-pink-cica-soothing-250ml112234.html,NO_VERIFICADA,,,,,,,,PENDIENTE_COTIZACION_FLETE_Y_COMPARABLE
10765,MEDICUBE SERUM FACIAL PDRN PINK COLLAGEN EXOSOME SHOT 7500 30ML(115549,USD,13,https://atacadousa.com.py/cosmeticos/10765-serum-facial-medicube-pdrn-pink-collagen-exosome-shot-7500-30ml115549.html,NO_VERIFICADA,,,,,,,,PENDIENTE_COTIZACION_FLETE_Y_COMPARABLE
3101,MEDICUBE CREME FACIAL PDRN PINK HYALURONIC MOISTURIZING CREAM 50(3101),USD,13,https://atacadousa.com.py/cosmeticos/10934-creme-facial-medicube-pdrn-pink-hyaluronic-moisturizing-cream-503101.html,NO_VERIFICADA,,,,,,,,PENDIENTE_COTIZACION_FLETE_Y_COMPARABLE
768524,MEDICUBE ONE DAY EXOSOME SHOT 7500 30ML(768524),USD,14.5,https://atacadousa.com.py/cosmeticos/12027-serum-facial-medicube-one-day-exosome-shot-7500-30ml768524.html,NO_VERIFICADA,,,,,,,,PENDIENTE_COTIZACION_FLETE_Y_COMPARABLE
119660,MEDICUBE TXA NIACINAMIDE CAPSULE CREAM 5% 55G (119660),USD,14.75,https://atacadousa.com.py/cosmeticos/12144-creme-facial-medicube-hidratante-txa-niacinamide-capsula-55g-119660.html,NO_VERIFICADA,,,,,,,,PENDIENTE_COTIZACION_FLETE_Y_COMPARABLE
573188,MEDICUBE CREME AGE-R GLUTATHIONE GLOW CAPSULE CREAM 50ML (573188),USD,15.5,https://atacadousa.com.py/cosmeticos/12307-creme-facial-medicube-age-r-glutathine-glow-capsule-cream-50ml573188.html,NO_VERIFICADA,,,,,,,,PENDIENTE_COTIZACION_FLETE_Y_COMPARABLE
114313,MEDICUBE CREME FACIAL TRIPLE COLLAGEN CREAM 4.0 50ML (114313),USD,16,https://atacadousa.com.py/cosmeticos/12308-creme-facial-medicube-triple-collagen-cream-40-50ml-114313.html,NO_VERIFICADA,,,,,,,,PENDIENTE_COTIZACION_FLETE_Y_COMPARABLE
334928,MEDICUBE ONE DAY EXOSOME SHOT 2000 30ML (334928),USD,13.9,https://atacadousa.com.py/cosmeticos/12315-serum-facial-medicube-one-day-exosome-shot-2000-30ml334928.html,NO_VERIFICADA,,,,,,,,PENDIENTE_COTIZACION_FLETE_Y_COMPARABLE
115532,MEDICUBE SERUM FACIAL PDRN PINK EXOSOME SHOT 2000 30ML(115532),USD,13,https://atacadousa.com.py/cosmeticos/12316-serum-facial-medicube-pdrn-pink-exosome-shot-2000-30ml115532.html,NO_VERIFICADA,,,,,,,,PENDIENTE_COTIZACION_FLETE_Y_COMPARABLE
419709,MEDICUBE 1MIN RED ACNE SUCCINIC ACID PEEL 40G (419709),USD,19,https://atacadousa.com.py/cosmeticos/12318-serum-facial-medicube-red-acne-succunic-acid-peel-40g-419709.html,NO_VERIFICADA,,,,,,,,PENDIENTE_COTIZACION_FLETE_Y_COMPARABLE
12319,MEDICUBE TONICO FACIAL LENCO KOJIC ACID TURMERIC PAD 70UN 160ML(477386,USD,16,https://atacadousa.com.py/cosmeticos/12319-tonico-facial-medicube-lenco-kojic-acid-turmeric-pad-70un-160ml477386.html,NO_VERIFICADA,,,,,,,,PENDIENTE_COTIZACION_FLETE_Y_COMPARABLE
112227,MEDICUBE COLLAGEN JELLY CREAM 50ML (112227),USD,12,https://atacadousa.com.py/cosmeticos/10093-creme-facial-medicube-collagen-jelly-cream-50ml-x004e3i7i7.html,NO_VERIFICADA,,,,,,,,PENDIENTE_COTIZACION_FLETE_Y_COMPARABLE
769903,MEDICUBE COLLAGEN JELLY CREAM 110ML (769903),USD,11,https://atacadousa.com.py/cosmeticos/11366-creme-facial-medicube-collagen-jelly-cream-110ml-769903.html,NO_VERIFICADA,,,,,,,,PENDIENTE_COTIZACION_FLETE_Y_COMPARABLE
411741,MEDICUBE COLLAGEN LIFTING MASK 1UNIDAD 27G (411741),USD,2.5,https://atacadousa.com.py/cosmeticos/11702-mascara-facial-medicube-collagen-lieting-mask1unidad-27g411741.html,NO_VERIFICADA,,,,,,,,PENDIENTE_COTIZACION_FLETE_Y_COMPARABLE
356170,MEDICUBE RED SUCCINIC ACID PEELING PAD 155G (70UNID) (356170),USD,15,https://atacadousa.com.py/cosmeticos/11831-esfoliante-medicube-red-succing-acid-peeling-pad-70un1556170.html,NO_VERIFICADA,,,,,,,,PENDIENTE_COTIZACION_FLETE_Y_COMPARABLE
11832,MEDICUBE KOJIC ACID TURMERIC TONING CLEANSER 100KIJIC ACID 120G 474958,USD,14,https://atacadousa.com.py/cosmeticos/11832-limpador-facial-medicube-kojic-acid-turmeric-toning-cleanser-120g7495.html,NO_VERIFICADA,,,,,,,,PENDIENTE_COTIZACION_FLETE_Y_COMPARABLE
479502,MEDICUBE HYPOCHLOROUS ACID DAILY FACIAL SRPAY 50ML (479502),USD,10,https://atacadousa.com.py/cosmeticos/11838-mist-facial-medicube-hypochlorous-acid-daily-spray-50ml479502.html,NO_VERIFICADA,,,,,,,,PENDIENTE_COTIZACION_FLETE_Y_COMPARABLE
479991,MEDICUBE HYPOCHLOROUS ACID DAILY FACIAL SPRAY 125ML (479991),USD,12,https://atacadousa.com.py/cosmeticos/11839-mist-facial-medicube-hypochlorous-acid-daily-spray-125ml479991.html,NO_VERIFICADA,,,,,,,,PENDIENTE_COTIZACION_FLETE_Y_COMPARABLE
11447,KARSEELL MACA POWER REPAIR CONDITIONER FOR DRY DAMAGED HAIR 500ML 0357,USD,7,https://atacadousa.com.py/cosmeticos/11447-kit-karseell-shampoo-acondicionador-500ml.html,NO_VERIFICADA,,,,,,,,PENDIENTE_COTIZACION_FLETE_Y_COMPARABLE
261233,SKIN1004 MADAGASCAR CENTELLA TRAVEL KIT (261233),USD,29.75,https://atacadousa.com.py/cosmeticos/11671-kit-facial-skin1004-madagascar-centella-travel261233.html,NO_VERIFICADA,,,,,,,,PENDIENTE_COTIZACION_FLETE_Y_COMPARABLE
11700,SKIN1004 MADAG. CENTELLA TONE BRIGHTENING BOOSTING TONER 210ML (261165,USD,18,https://atacadousa.com.py/cosmeticos/11700-tonico-facial-skin1004-madagascar-centella-tone-brightening-210m61165.html,NO_VERIFICADA,,,,,,,,PENDIENTE_COTIZACION_FLETE_Y_COMPARABLE
125,SKIN1004 MADAG. CENT. TONE BRIGHETING CLEANSING GEL FOAM 125ML (261189,USD,13.5,https://atacadousa.com.py/cosmeticos/11701-gel-facial-de-limpieza-skin1004-madagascar-centella-tone-brighetin-125.html,NO_VERIFICADA,,,,,,,,PENDIENTE_COTIZACION_FLETE_Y_COMPARABLE
11704,SKIN1004 MADAG CENT CREME PARA CONTORNO DE OLHOS PROBIO-CICA 20ML 0177,USD,17,https://atacadousa.com.py/cosmeticos/11704-creme-contorno-olhos-skin1004-madagascar-centel-probio-cica-20ml30177.html,NO_VERIFICADA,,,,,,,,PENDIENTE_COTIZACION_FLETE_Y_COMPARABLE
12017,SERUM FACIAL CELIMAX THE VITA A RETINAL SHOT TIGHTENING BOOSTER 15 ML,USD,12.5,https://atacadousa.com.py/cosmeticos/12017-serum-facial-celimax-the-vita-a-retinal-shot-tightening-booster15.html,NO_VERIFICADA,,,,,,,,PENDIENTE_COTIZACION_FLETE_Y_COMPARABLE
320805,SERUM FACIAL CELIMAX THE VITA A RETINOL SHOT TIGHTENING 30ML (320805),USD,11.75,https://atacadousa.com.py/cosmeticos/12212-serum-facial-celimax-the-vita-a-retinol-shot-tightening-30ml.html,NO_VERIFICADA,,,,,,,,PENDIENTE_COTIZACION_FLETE_Y_COMPARABLE
311564,LILYEVE GROW:TURN EXOSOME BRUSH AMPOULE 100ML (311564),USD,25,https://atacadousa.com.py/cosmeticos/12236-tratamento-capilar-lilyeve-grow-turn-exosome-brush-ampoule-100ml.html,NO_VERIFICADA,,,,,,,,PENDIENTE_COTIZACION_FLETE_Y_COMPARABLE
109661,MEDICUBE DEEP VITA C PAD 70UNID 150G (109661),USD,13.25,https://atacadousa.com.py/cosmeticos/10072-tonico-facial-medicube-lenco-deep-vita-c-pad-70unid-150gx003keek87.html,NO_VERIFICADA,,,,,,,,PENDIENTE_COTIZACION_FLETE_Y_COMPARABLE
113217,MEDICUBE COLLAGEN NIGHT WRAPPING MASK 75ML (113217),USD,13.5,https://atacadousa.com.py/cosmeticos/10095-mascara-facial-medicube-collagen-night-wrapping-mask-75ml-x003l63kgr.html,NO_VERIFICADA,,,,,,,,PENDIENTE_COTIZACION_FLETE_Y_COMPARABLE
114399,MEDICUBE PDRN PINK COLLAGEN GEL MASK 28G 4UNID 4EA (114399),USD,13,https://atacadousa.com.py/cosmeticos/10096-mascara-facial-medicube-pdrn-pink-collagen-gel-28g-x004e5va2f.html,NO_VERIFICADA,,,,,,,,PENDIENTE_COTIZACION_FLETE_Y_COMPARABLE
467714,MEDICUBE PDRN PINK COLLAGEN CAPSULE CREAM 55G (467714),USD,17.25,https://atacadousa.com.py/cosmeticos/10760-creme-facial-medicube-pdnr-pink-collagen-capsule-cream-55g118885.html,NO_VERIFICADA,,,,,,,,PENDIENTE_COTIZACION_FLETE_Y_COMPARABLE
567354,MEDICUBE ZERO PORE ONE DAY CREAM 50ML(567354),USD,15,https://atacadousa.com.py/cosmeticos/10935-creme-facial-medicube-zero-pore-one-day-cream-50ml567354.html,NO_VERIFICADA,,,,,,,,PENDIENTE_COTIZACION_FLETE_Y_COMPARABLE
566944,MEDICUBE SERUM FACIAL DEEP VITA C AMPOULE 14.5% (3UNID)(566944),USD,19,https://atacadousa.com.py/cosmeticos/10937-serum-facial-medicube-deep-vita-c-ampoule-145-3unid566944.html,NO_VERIFICADA,,,,,,,,PENDIENTE_COTIZACION_FLETE_Y_COMPARABLE
114979,MEDICUBE PDRN BOOSTER GEL 300ML (114979),USD,11.9,https://atacadousa.com.py/cosmeticos/12294-gel-facial-medicube-pdrn-booster-300ml-114979.html,NO_VERIFICADA,,,,,,,,PENDIENTE_COTIZACION_FLETE_Y_COMPARABLE
030180,KARSEELL MACA POWER REPAIR COLLAGEN 500ML (030180),USD,6,https://atacadousa.com.py/cosmeticos/8489-mascara-capilar-karseell-maca-power-collagen-500ml.html,NO_VERIFICADA,,,,,,,,PENDIENTE_COTIZACION_FLETE_Y_COMPARABLE
10575,MASCARA CAPILAR KARSEELL MACA POWER PURPLE HAIR MASK,USD,10,https://atacadousa.com.py/cosmeticos/10575-mascara-capilar-karseell-maca-power-purple-hair-mask.html,NO_VERIFICADA,,,,,,,,PENDIENTE_COTIZACION_FLETE_Y_COMPARABLE
036113,KIT KARSEELL MACA ESSENCE REPAIR SET MASK+OIL 500 + 50ML (036113),USD,11.9,https://atacadousa.com.py/cosmeticos/10623-kit-mascara-capilar-karseell-maca-essence-500ml-oleo-capilar-50ml.html,NO_VERIFICADA,,,,,,,,PENDIENTE_COTIZACION_FLETE_Y_COMPARABLE
034614,KIT KARSEELL TRAVEL SET MACA ENSSENCE REPAIR (034614),USD,4.99,https://atacadousa.com.py/cosmeticos/11737-kit-karseell-travel-set-maca-enssence-100mlshampoo-70mlcondicion-70m.html,NO_VERIFICADA,,,,,,,,PENDIENTE_COTIZACION_FLETE_Y_COMPARABLE
030548,KARSEELL MACA ESSENCE OIL 50ML (030548),USD,3.5,https://atacadousa.com.py/cosmeticos/9918-oleo-capilar-karseell-maca-essence-50ml.html,NO_VERIFICADA,,,,,,,,PENDIENTE_COTIZACION_FLETE_Y_COMPARABLE
