producto;id;precio_ars;imagen_compartida;revision
Celimax Retinal Shot Tightening Booster 15 ml;20000000-0000-0000-0000-000000000002;42900;/products/Celimax Retinal Shot Tightening Booster 15ml – Retinal Coreano.webp;Comparar presentación y unificar ficha/precio si es el mismo producto
Celimax Sérum Facial The Vita A Retinal Shot Tightening Booster 15 ml;b75501b9-540f-51e6-a355-4b245c5881a1;32500;/products/Celimax Retinal Shot Tightening Booster 15ml – Retinal Coreano.webp;Comparar presentación y unificar ficha/precio si es el mismo producto
Celimax Retinol Shot Tightening Serum 30 ml;20000000-0000-0000-0000-000000000003;45800;/products/Celimax Retinol Shot Tightening Serum 30ml – Sérum Facial Retinol.webp;Comparar presentación y unificar ficha/precio si es el mismo producto
Celimax Sérum Facial The Vita A Retinol Shot Tightening 30 ml;b07184ef-20f1-5c0a-add7-66df2a2a3777;30600;/products/Celimax Retinol Shot Tightening Serum 30ml – Sérum Facial Retinol.webp;Comparar presentación y unificar ficha/precio si es el mismo producto
Medicube Collagen Jelly Cream 50 ml;20000000-0000-0000-0000-000000000007;49500;/products/Medicube Collagen Jelly Cream 50 ml.webp;Comparar presentación y unificar ficha/precio si es el mismo producto
Medicube Collagen Jelly Cream 50 ml;fb5a74f7-52e7-5ff6-afee-78f789dc6330;31200;/products/Medicube Collagen Jelly Cream 50 ml.webp;Comparar presentación y unificar ficha/precio si es el mismo producto
Medicube One Day Exosome Shot 2000 30 ml;20000000-0000-0000-0000-000000000011;52500;/products/Medicube One Day Exosome Shot 2000 30 ml.webp;Comparar presentación y unificar ficha/precio si es el mismo producto
Medicube One Day Exosome Shot 2000 30 ml;ddb84764-5577-5181-a1ba-0b3a37738d07;36100;/products/Medicube One Day Exosome Shot 2000 30 ml.webp;Comparar presentación y unificar ficha/precio si es el mismo producto
Medicube One Day Exosome Shot 7500 30 ml;20000000-0000-0000-0000-000000000012;62000;/products/Medicube One Day Exosome Shot 7500 30 ml.webp;Comparar presentación y unificar ficha/precio si es el mismo producto
Medicube One Day Exosome Shot 7500 30 ml;4b69f946-9cdb-5837-af9d-84d4c7e12d17;37700;/products/Medicube One Day Exosome Shot 7500 30 ml.webp;Comparar presentación y unificar ficha/precio si es el mismo producto
Medicube PDRN Pink Collagen Capsule Cream 55 g;20000000-0000-0000-0000-000000000013;56000;/products/Medicube PDRN Pink Collagen Capsule Cream 55g – Crema Facial Coreana.webp;Comparar presentación y unificar ficha/precio si es el mismo producto
Medicube PDRN Pink Collagen Capsule Cream 55 g;d26e2e05-f6b2-5ecc-a1aa-ac4102241a99;44900;/products/Medicube PDRN Pink Collagen Capsule Cream 55g – Crema Facial Coreana.webp;Comparar presentación y unificar ficha/precio si es el mismo producto
SKIN1004 Poremizing Quick Clay Stick Mask 27 g;20000000-0000-0000-0000-000000000021;36900;/products/SKIN1004 Poremizing Quick Clay Stick Mask 27g – Mascarilla Para Poros.webp;Comparar presentación y unificar ficha/precio si es el mismo producto
SKIN1004 Poremizing Quick Clay Stick Mask 27 g;4351682b-6a28-5a35-aad2-2a6092739f8d;36400;/products/SKIN1004 Poremizing Quick Clay Stick Mask 27g – Mascarilla Para Poros.webp;Comparar presentación y unificar ficha/precio si es el mismo producto
Karseell Collagen Hair Mask 500 ml;20000000-0000-0000-0000-000000000022;43500;/products/Karseell Collagen Hair Mask 500ml – Mascarilla Capilar Colágeno.webp;Comparar presentación y unificar ficha/precio si es el mismo producto
Karseell Maca Power Repair Collagen 500 ml;d479bc30-882a-5994-aa72-02301051ca7a;15600;/products/Karseell Collagen Hair Mask 500ml – Mascarilla Capilar Colágeno.webp;Comparar presentación y unificar ficha/precio si es el mismo producto
Karseell Maca Power Repair Conditioner For Dry Damaged Hair 500 ml;79034f3e-9ed6-56fd-ad85-79d0e5700881;18200;/products/catalog/dfc1b277-f7d2-5b24-ad71-2cb6705cee6c.webp;Comparar presentación y unificar ficha/precio si es el mismo producto
Karseell Maca Power Repair Conditioner Deep Hydration 500 ml;dfc1b277-f7d2-5b24-ad71-2cb6705cee6c;23400;/products/catalog/dfc1b277-f7d2-5b24-ad71-2cb6705cee6c.webp;Comparar presentación y unificar ficha/precio si es el mismo producto
